name,type,length_m,start_coord,end_coord
University Avenue,tertiary,212,"121.064311, 14.654997","121.062334, 14.654957"
Osmeña Avenue,tertiary,20,"121.064311, 14.654997","121.064315, 14.654820"
Osmeña Avenue,tertiary,123,"121.072755, 14.656161","121.071607, 14.656151"
F. Ma. Guerrero Street,unclassified,155,"121.072755, 14.656161","121.072738, 14.657556"
M. Roxas Avenue,tertiary,326,"121.068623, 14.653870","121.071660, 14.653913"
A. Roces Senior Avenue,unclassified,153,"121.068623, 14.653870","121.068644, 14.652492"
A. Roces Senior Avenue,unclassified,250,"121.068623, 14.653870","121.068592, 14.656126"
Emilio Jacinto Street,residential,17,"121.062334, 14.654957","121.062333, 14.654799"
Emilio Jacinto Street,unclassified,221,"121.062334, 14.654957","121.062353, 14.656944"
University Avenue,tertiary,82,"121.062334, 14.654957","121.061565, 14.654944"
Shuster Street,tertiary,14,"121.074282, 14.653590","121.074147, 14.653590"
Katipunan Avenue,primary,460,"121.074282, 14.653590","121.074308, 14.649449"
Carlos P. Garcia Avenue,secondary,22,"121.060241, 14.647266","121.060085, 14.647397"
Magiting Street,tertiary,21,"121.060241, 14.647266","121.060131, 14.647103"
Carlos P. Garcia Avenue,secondary,28,"121.060241, 14.647266","121.060485, 14.647174"
Aguinaldo Street,residential,371,"121.067873, 14.647265","121.069763, 14.644689"
Carlos P. Garcia Avenue,secondary,219,"121.067873, 14.647265","121.065984, 14.647984"
Carlos P. Garcia Avenue,secondary,118,"121.067873, 14.647265","121.068968, 14.647203"
Carlos P. Garcia Avenue,secondary,17,"121.058421, 14.654892","121.058424, 14.654732"
Magsaysay Avenue,unclassified,13,"121.074224, 14.657565","121.074099, 14.657563"
Magsaysay Avenue,unclassified,31,"121.074224, 14.657565","121.074514, 14.657570"
Katipunan Avenue,primary,282,"121.074224, 14.657565","121.074236, 14.655023"
F. Agoncillo Street,unclassified,209,"121.071606, 14.657553","121.071606, 14.659439"
Magsaysay Avenue,unclassified,105,"121.071606, 14.657553","121.070628, 14.657551"
Magsaysay Avenue,unclassified,121,"121.071606, 14.657553","121.072738, 14.657556"
F. Agoncillo Street,unclassified,155,"121.071606, 14.657553","121.071607, 14.656151"
Osmeña Avenue,tertiary,535,"121.068592, 14.656126","121.064311, 14.654997"
A. Roces Senior Avenue,unclassified,250,"121.068592, 14.656126","121.068623, 14.653870"
A. Roces Senior Avenue,unclassified,158,"121.068592, 14.656126","121.068572, 14.657549"
Dagohoy Street,residential,138,"121.072700, 14.659802","121.073990, 14.659837"
Gomburza Street,residential,101,"121.072700, 14.659802","121.072551, 14.660698"
F. Ma. Guerrero Street,residential,39,"121.072700, 14.659802","121.072717, 14.659448"
Laurel Avenue,unclassified,207,"121.068544, 14.659417","121.070474, 14.659427"
A. Roces Senior Avenue,residential,28,"121.068544, 14.659417","121.068536, 14.659674"
A. Roces Senior Avenue,unclassified,17,"121.068544, 14.659417","121.068540, 14.659256"
F. Ma. Guerrero Street,unclassified,210,"121.072717, 14.659448","121.072738, 14.657556"
F. Ma. Guerrero Street,residential,39,"121.072717, 14.659448","121.072700, 14.659802"
Laurel Avenue,unclassified,119,"121.072717, 14.659448","121.071606, 14.659439"
J. Escaler Street,residential,347,"121.074471, 14.645010","121.074297, 14.646332"
Katipunan Avenue,primary,285,"121.074471, 14.645010","121.074593, 14.642448"
B. Gonzales Street,residential,158,"121.073367, 14.641686","121.074593, 14.642448"
B. Gonzales Street,residential,118,"121.073367, 14.641686","121.072345, 14.641294"
Esteban Abada Street,residential,610,"121.073367, 14.641686","121.070426, 14.642850"
J. Escaler Street,residential,347,"121.074297, 14.646332","121.074471, 14.645010"
Katipunan Avenue,primary,148,"121.074297, 14.646332","121.074471, 14.645010"
C. Salvador Street,residential,80,"121.072345, 14.641294","121.072372, 14.642020"
B. Gonzales Street,residential,118,"121.072345, 14.641294","121.073367, 14.641686"
A. Melchor Street,residential,25,"121.070314, 14.642491","121.070524, 14.642599"
M. V. del Rosario Street,residential,107,"121.070314, 14.642491","121.070786, 14.641644"
A. Melchor Street,residential,67,"121.070314, 14.642491","121.069766, 14.642213"
N. Reyes Street,residential,177,"121.072372, 14.642020","121.070786, 14.641644"
C. Salvador Street,residential,80,"121.072372, 14.642020","121.072345, 14.641294"
C. Salvador Street,residential,308,"121.072372, 14.642020","121.070524, 14.642599"
Esteban Abada Street,residential,100,"121.069766, 14.642213","121.070426, 14.642850"
A. Melchor Street,residential,153,"121.069766, 14.642213","121.068758, 14.641233"
A. Melchor Street,residential,67,"121.069766, 14.642213","121.070314, 14.642491"
A. Melchor Street,residential,153,"121.068758, 14.641233","121.069766, 14.642213"
A. Maria Regidor Street,unclassified,112,"121.072800, 14.653571","121.072830, 14.652558"
Shuster Street,unclassified,144,"121.072800, 14.653571","121.074147, 14.653590"
A. Maria Regidor Street,unclassified,29,"121.072800, 14.653571","121.072773, 14.653833"
M. Roxas Avenue,tertiary,136,"121.064315, 14.654820","121.064957, 14.653821"
Emilio Jacinto Street,residential,17,"121.062333, 14.654799","121.062334, 14.654957"
University Avenue,tertiary,213,"121.062333, 14.654799","121.064315, 14.654820"
Emilio Jacinto Street,unclassified,203,"121.062333, 14.654799","121.062331, 14.652964"
University Avenue,tertiary,338,"121.058424, 14.654732","121.061572, 14.654785"
Carlos P. Garcia Avenue,secondary,407,"121.058424, 14.654732","121.059136, 14.651137"
Carlos P. Garcia Avenue,secondary,17,"121.058424, 14.654732","121.058421, 14.654892"
G. Apacible Street,unclassified,156,"121.070628, 14.657551","121.070634, 14.656143"
Magsaysay Avenue,unclassified,221,"121.070628, 14.657551","121.068572, 14.657549"
Magsaysay Avenue,unclassified,105,"121.070628, 14.657551","121.071606, 14.657553"
Dagohoy Street,residential,138,"121.073990, 14.659837","121.072700, 14.659802"
Dagohoy Street,residential,32,"121.073990, 14.659837","121.073991, 14.659545"
Dagohoy Street,residential,31,"121.073990, 14.659837","121.073990, 14.660119"
Saint Francis Street,residential,95,"121.073990, 14.659837","121.074882, 14.659840"
Dagohoy Street,residential,27,"121.073994, 14.659295","121.073991, 14.659545"
Dagohoy Street,residential,194,"121.073994, 14.659295","121.074099, 14.657563"
Unnamed Road,residential,28,"121.074806, 14.659293","121.074852, 14.659548"
Ricarte Street,residential,87,"121.074806, 14.659293","121.073994, 14.659295"
Unnamed Road,residential,37,"121.074806, 14.659293","121.074718, 14.658964"
Ricarte Street,residential,58,"121.074806, 14.659293","121.075354, 14.659294"
Unnamed Road,residential,25,"121.074882, 14.659840","121.074888, 14.660071"
Unnamed Road,residential,2,"121.074882, 14.659840","121.074880, 14.659817"
Saint Francis Street,residential,95,"121.074882, 14.659840","121.073990, 14.659837"
Unnamed Road,residential,7,"121.074838, 14.660653","121.074848, 14.660591"
Unnamed Road,residential,33,"121.074838, 14.660653","121.074774, 14.660950"
Dagohoy Street,residential,110,"121.074838, 14.660653","121.074012, 14.660392"
Quirino Avenue,unclassified,197,"121.068644, 14.652492","121.067004, 14.651801"
Quirino Avenue,unclassified,327,"121.068644, 14.652492","121.071692, 14.652534"
Velasquez Street,unclassified,600,"121.068644, 14.652492","121.068968, 14.647203"
A. Roces Senior Avenue,unclassified,153,"121.068644, 14.652492","121.068623, 14.653870"
F. Agoncillo Street,residential,39,"121.071606, 14.659439","121.071602, 14.659797"
Laurel Avenue,unclassified,119,"121.071606, 14.659439","121.072717, 14.659448"
Laurel Avenue,unclassified,106,"121.071606, 14.659439","121.070618, 14.659428"
Laurel Avenue,unclassified,15,"121.070618, 14.659428","121.070474, 14.659427"
G. Apacible Street,unclassified,208,"121.070618, 14.659428","121.070628, 14.657551"
Laurel Avenue,unclassified,106,"121.070618, 14.659428","121.071606, 14.659439"
Magsaysay Avenue,unclassified,221,"121.068572, 14.657549","121.070628, 14.657551"
A. Roces Senior Avenue,unclassified,158,"121.068572, 14.657549","121.068592, 14.656126"
Magsaysay Avenue,unclassified,174,"121.068572, 14.657549","121.066948, 14.657561"
A. Roces Senior Avenue,unclassified,189,"121.068572, 14.657549","121.068540, 14.659256"
A. Roces Senior Avenue,residential,75,"121.068555, 14.660854","121.068628, 14.661532"
A. Roces Senior Avenue,residential,31,"121.068555, 14.660854","121.068529, 14.660574"
M. Viola Street,residential,181,"121.068555, 14.660854","121.066865, 14.660861"
M. Viola Street,residential,208,"121.068555, 14.660854","121.070492, 14.660837"
A. Roces Senior Avenue,residential,37,"121.068521, 14.660237","121.068529, 14.660574"
A. Roces Senior Avenue,residential,12,"121.068521, 14.660237","121.068522, 14.660129"
G. Apacible Street,residential,69,"121.070472, 14.660209","121.070492, 14.660837"
P. Valenzuela Street,residential,209,"121.070472, 14.660209","121.068521, 14.660237"
G. Apacible Street,residential,69,"121.070492, 14.660837","121.070472, 14.660209"
G. Apacible Street,residential,121,"121.070492, 14.660837","121.070034, 14.661802"
M. Viola Street,residential,208,"121.070492, 14.660837","121.068555, 14.660854"
G. Apacible Street,residential,88,"121.070034, 14.661802","121.069993, 14.662599"
E. Aguinaldo Street,residential,149,"121.070034, 14.661802","121.068645, 14.661763"
G. Apacible Street,residential,121,"121.070034, 14.661802","121.070492, 14.660837"
E. Aguinaldo Street,residential,78,"121.070034, 14.661802","121.070761, 14.661782"
A. Roces Senior Avenue,residential,25,"121.068628, 14.661532","121.068645, 14.661763"
A. Roces Senior Avenue,residential,75,"121.068628, 14.661532","121.068555, 14.660854"
A. Bautista Street,residential,185,"121.068628, 14.661532","121.066918, 14.661733"
Juan Luna Street,residential,145,"121.068656, 14.662379","121.069993, 14.662599"
A. Roces Senior Avenue,residential,68,"121.068656, 14.662379","121.068645, 14.661763"
"Balagtas Street, Juan Luna Street",residential,228,"121.068656, 14.662379","121.066918, 14.661733"
Juan Luna Street,residential,145,"121.069993, 14.662599","121.068656, 14.662379"
G. Apacible Street,residential,88,"121.069993, 14.662599","121.070034, 14.661802"
Juan Luna Street,residential,139,"121.069993, 14.662599","121.071264, 14.662835"
E. Aguinaldo Street,residential,75,"121.071317, 14.662083","121.071994, 14.662245"
E. Aguinaldo Street,residential,68,"121.071317, 14.662083","121.070761, 14.661782"
Gomburza Street,residential,83,"121.071317, 14.662083","121.071264, 14.662835"
Gomburza Street,residential,70,"121.071994, 14.662245","121.072161, 14.661632"
E. Aguinaldo Street,residential,83,"121.071994, 14.662245","121.072770, 14.662220"
E. Aguinaldo Street,residential,75,"121.071994, 14.662245","121.071317, 14.662083"
Gomburza Street,residential,77,"121.071994, 14.662245","121.071763, 14.662893"
Osmeña Avenue,tertiary,104,"121.071607, 14.656151","121.070634, 14.656143"
F. Agoncillo Street,unclassified,155,"121.071607, 14.656151","121.071606, 14.657553"
Balagtas Street,residential,46,"121.067099, 14.659255","121.067094, 14.659671"
Balagtas Street,residential,189,"121.067099, 14.659255","121.066948, 14.657561"
Unnamed Road,residential,155,"121.067099, 14.659255","121.068540, 14.659256"
Balagtas Street,residential,49,"121.067052, 14.660122","121.066982, 14.660565"
Balagtas Street,residential,50,"121.067052, 14.660122","121.067094, 14.659671"
P. Valenzuela Street,residential,158,"121.067052, 14.660122","121.068522, 14.660129"
Balagtas Street,residential,35,"121.066982, 14.660565","121.066865, 14.660861"
Balagtas Street,residential,49,"121.066982, 14.660565","121.067052, 14.660122"
Bernardo Street,residential,166,"121.066982, 14.660565","121.068529, 14.660574"
Balagtas Street,residential,98,"121.066865, 14.660861","121.066918, 14.661733"
Balagtas Street,residential,35,"121.066865, 14.660861","121.066982, 14.660565"
M. Viola Street,residential,181,"121.066865, 14.660861","121.068555, 14.660854"
Unnamed Road,residential,155,"121.068540, 14.659256","121.067099, 14.659255"
A. Roces Senior Avenue,unclassified,189,"121.068540, 14.659256","121.068572, 14.657549"
A. Roces Senior Avenue,unclassified,17,"121.068540, 14.659256","121.068544, 14.659417"
Balagtas Street,residential,189,"121.066948, 14.657561","121.067099, 14.659255"
Magsaysay Avenue,unclassified,231,"121.066948, 14.657561","121.064800, 14.657577"
Magsaysay Avenue,unclassified,174,"121.066948, 14.657561","121.068572, 14.657549"
Emilio Jacinto Street,unclassified,241,"121.062361, 14.657690","121.063862, 14.658992"
Emilio Jacinto Street,unclassified,82,"121.062361, 14.657690","121.062353, 14.656944"
Magsaysay Avenue,unclassified,136,"121.062361, 14.657690","121.061094, 14.657679"
Magsaysay Avenue,unclassified,262,"121.062361, 14.657690","121.064800, 14.657577"
Ylanan Street,unclassified,156,"121.064800, 14.657577","121.064843, 14.658988"
Ylanan Street,unclassified,146,"121.064800, 14.657577","121.064773, 14.656259"
Magsaysay Avenue,unclassified,262,"121.064800, 14.657577","121.062361, 14.657690"
Magsaysay Avenue,unclassified,231,"121.064800, 14.657577","121.066948, 14.657561"
"Balagtas Street, Juan Luna Street",residential,228,"121.066918, 14.661733","121.068656, 14.662379"
Balagtas Street,residential,98,"121.066918, 14.661733","121.066865, 14.660861"
A. Bautista Street,residential,185,"121.066918, 14.661733","121.068628, 14.661532"
Gomburza Street,residential,70,"121.072161, 14.661632","121.071994, 14.662245"
Gomburza Street,residential,115,"121.072161, 14.661632","121.072551, 14.660698"
Mabini Street,residential,164,"121.072161, 14.661632","121.072226, 14.660405"
Mabini Street,residential,130,"121.072161, 14.661632","121.073304, 14.661423"
Aglipay Street,residential,95,"121.072226, 14.660405","121.071602, 14.659797"
Mabini Street,residential,164,"121.072226, 14.660405","121.072161, 14.661632"
Aglipay Street,residential,47,"121.072226, 14.660405","121.072551, 14.660698"
F. Agoncillo Street,residential,243,"121.070761, 14.661782","121.071602, 14.659797"
E. Aguinaldo Street,residential,68,"121.070761, 14.661782","121.071317, 14.662083"
E. Aguinaldo Street,residential,78,"121.070761, 14.661782","121.070034, 14.661802"
Juan Luna Street,residential,55,"121.071264, 14.662835","121.071763, 14.662893"
Juan Luna Street,residential,139,"121.071264, 14.662835","121.069993, 14.662599"
Gomburza Street,residential,83,"121.071264, 14.662835","121.071317, 14.662083"
Pook Palaris Street,residential,8,"121.073141, 14.662755","121.073210, 14.662711"
Pook Palaris Street,residential,8,"121.073141, 14.662755","121.073210, 14.662711"
Juan Luna Street,residential,24,"121.073141, 14.662755","121.072947, 14.662870"
E. Aguinaldo Street,residential,72,"121.073141, 14.662755","121.072770, 14.662220"
E. Aguinaldo Street,residential,83,"121.072770, 14.662220","121.071994, 14.662245"
E. Aguinaldo Street,residential,72,"121.072770, 14.662220","121.073141, 14.662755"
E. Aguinaldo Street,residential,78,"121.072770, 14.662220","121.073494, 14.662184"
Mabini Street,residential,130,"121.073304, 14.661423","121.072161, 14.661632"
Mabini Street,residential,70,"121.073304, 14.661423","121.073529, 14.660867"
Pook Palaris Street,residential,105,"121.073304, 14.661423","121.073494, 14.662184"
Gomburza Street,residential,115,"121.072551, 14.660698","121.072161, 14.661632"
Gomburza Street,residential,101,"121.072551, 14.660698","121.072700, 14.659802"
Aglipay Street,residential,47,"121.072551, 14.660698","121.072226, 14.660405"
Carlos P. Garcia Avenue,secondary,10,"121.064290, 14.647690","121.064384, 14.647680"
E. de los Reyes Street,unclassified,98,"121.064290, 14.647690","121.064326, 14.648575"
Carlos P. Garcia Avenue,secondary,210,"121.064290, 14.647690","121.062376, 14.647355"
Emilio Jacinto Street,unclassified,50,"121.062325, 14.650651","121.062324, 14.650200"
Village B,residential,223,"121.062325, 14.650651","121.064405, 14.650648"
Emilio Jacinto Street,unclassified,257,"121.062325, 14.650651","121.062331, 14.652964"
Emilio Jacinto Street,unclassified,50,"121.062324, 14.650200","121.062325, 14.650651"
Village B,residential,222,"121.062324, 14.650200","121.064388, 14.650203"
Emilio Jacinto Street,unclassified,66,"121.062324, 14.650200","121.062323, 14.649605"
Lakandula Street,unclassified,72,"121.064495, 14.653014","121.065169, 14.653030"
Lakandula Street,unclassified,232,"121.064495, 14.653014","121.062331, 14.652964"
E. de los Reyes Street,unclassified,263,"121.064495, 14.653014","121.064405, 14.650648"
Village B,residential,223,"121.064405, 14.650648","121.062325, 14.650651"
E. de los Reyes Street,unclassified,49,"121.064405, 14.650648","121.064388, 14.650203"
E. de los Reyes Street,unclassified,263,"121.064405, 14.650648","121.064495, 14.653014"
Village B,residential,222,"121.064388, 14.650203","121.062324, 14.650200"
E. de los Reyes Street,unclassified,118,"121.064388, 14.650203","121.064348, 14.649140"
E. de los Reyes Street,unclassified,49,"121.064388, 14.650203","121.064405, 14.650648"
Quirino Avenue,unclassified,197,"121.067004, 14.651801","121.068644, 14.652492"
T. M. Kalaw Street,unclassified,241,"121.067004, 14.651801","121.065169, 14.653030"
Quirino Avenue,unclassified,164,"121.067004, 14.651801","121.066821, 14.650377"
Quirino Avenue,unclassified,164,"121.066821, 14.650377","121.067004, 14.651801"
Pardo de Tavera Street,unclassified,304,"121.066821, 14.650377","121.065984, 14.647984"
E. de los Santos Street,unclassified,379,"121.066821, 14.650377","121.065169, 14.653030"
Emilio Jacinto Street,unclassified,257,"121.062331, 14.652964","121.062325, 14.650651"
Lakandula Street,unclassified,232,"121.062331, 14.652964","121.064495, 14.653014"
Emilio Jacinto Street,unclassified,203,"121.062331, 14.652964","121.062333, 14.654799"
Carlos P. Garcia Avenue,secondary,167,"121.068968, 14.647203","121.070519, 14.647278"
Carlos P. Garcia Avenue,secondary,118,"121.068968, 14.647203","121.067873, 14.647265"
Velasquez Street,unclassified,600,"121.068968, 14.647203","121.068644, 14.652492"
Aglipay Street,residential,95,"121.071602, 14.659797","121.072226, 14.660405"
F. Agoncillo Street,residential,243,"121.071602, 14.659797","121.070761, 14.661782"
F. Agoncillo Street,residential,39,"121.071602, 14.659797","121.071606, 14.659439"
Carlos P. Garcia Avenue,secondary,39,"121.065029, 14.647727","121.065388, 14.647802"
Carlos P. Garcia Avenue,secondary,40,"121.065029, 14.647727","121.064655, 14.647683"
Carlos P. Garcia Avenue,secondary,45,"121.065388, 14.647802","121.065781, 14.647959"
Carlos P. Garcia Avenue,secondary,39,"121.065388, 14.647802","121.065029, 14.647727"
C. V. Francisco Street,residential,364,"121.065388, 14.647802","121.065243, 14.644526"
V. Manansala Street,residential,69,"121.064566, 14.645155","121.064533, 14.644533"
E. Alonzo Street,residential,59,"121.064566, 14.645155","121.064010, 14.645164"
A. Malantic Street,residential,38,"121.064533, 14.644533","121.064895, 14.644526"
V. Manansala Street,residential,205,"121.064533, 14.644533","121.063661, 14.643044"
H. R. Ocampo Street,residential,356,"121.064895, 14.644526","121.065029, 14.647727"
A. Malantic Street,residential,37,"121.064895, 14.644526","121.065243, 14.644526"
A. Malantic Street,residential,38,"121.064895, 14.644526","121.064533, 14.644533"
A. Malantic Street,residential,37,"121.065243, 14.644526","121.064895, 14.644526"
C. V. Francisco Street,residential,283,"121.065243, 14.644526","121.064091, 14.642477"
Tiburcio Street,residential,39,"121.063076, 14.642629","121.062883, 14.642929"
V. Manansala Street,residential,100,"121.063076, 14.642629","121.062816, 14.641988"
S. Flores Street,residential,21,"121.063010, 14.641686","121.063119, 14.641521"
S. Flores Street,residential,39,"121.063010, 14.641686","121.062816, 14.641988"
C. V. Francisco Street,residential,145,"121.064091, 14.642477","121.063010, 14.641686"
D. Domingo Street,residential,39,"121.064091, 14.642477","121.063873, 14.642759"
D. Domingo Street,residential,39,"121.063873, 14.642759","121.064091, 14.642477"
D. Domingo Street,residential,39,"121.063873, 14.642759","121.063661, 14.643044"
H. R. Ocampo Street,residential,245,"121.063873, 14.642759","121.064895, 14.644526"
H. R. Ocampo Street,residential,142,"121.062816, 14.641988","121.063873, 14.642759"
D. Domingo Street,residential,39,"121.063661, 14.643044","121.063873, 14.642759"
V. Manansala Street,residential,78,"121.063661, 14.643044","121.063076, 14.642629"
Carlos P. Garcia Avenue,secondary,5,"121.062323, 14.647342","121.062376, 14.647355"
Carlos P. Garcia Avenue,secondary,162,"121.062323, 14.647342","121.060838, 14.647130"
V. Francisco Street,residential,76,"121.062077, 14.646858","121.062111, 14.646181"
B. Baluyot Street,residential,66,"121.062077, 14.646858","121.062690, 14.646903"
"B. Baluyot Street, Magiting Street",residential,132,"121.062077, 14.646858","121.060842, 14.646863"
B. Baluyot Street,residential,129,"121.062690, 14.646903","121.063822, 14.647306"
B. Baluyot Street,residential,66,"121.062690, 14.646903","121.062077, 14.646858"
Lieutenant J. Francisco Street,residential,239,"121.063822, 14.647306","121.064010, 14.645164"
B. Baluyot Street,residential,129,"121.063822, 14.647306","121.062690, 14.646903"
E. Alonzo Street,residential,59,"121.064010, 14.645164","121.064566, 14.645155"
Lieutenant J. Francisco Street,residential,81,"121.064010, 14.645164","121.064080, 14.644436"
P. Francisco Street,residential,70,"121.064080, 14.644436","121.063431, 14.644346"
Lieutenant J. Francisco Street,residential,18,"121.064080, 14.644436","121.064104, 14.644272"
P. Francisco Street,residential,45,"121.062999, 14.644342","121.062573, 14.644326"
Angeles Street,residential,124,"121.062520, 14.645200","121.061411, 14.644896"
V. Francisco Street,residential,108,"121.062520, 14.645200","121.062999, 14.644342"
E. Ramos Street,residential,81,"121.062573, 14.644326","121.062410, 14.643610"
P. Francisco Street,residential,120,"121.062573, 14.644326","121.061449, 14.644314"
V. Gonzales Street,residential,52,"121.062410, 14.643610","121.061930, 14.643693"
E. Ramos Street,residential,81,"121.062410, 14.643610","121.062573, 14.644326"
V. Gonzales Street,residential,44,"121.062410, 14.643610","121.062816, 14.643573"
Tiburcio Street,residential,77,"121.062816, 14.643573","121.062883, 14.642929"
Tiburcio Street,residential,98,"121.062816, 14.643573","121.063127, 14.644338"
V. Gonzales Street,residential,44,"121.062816, 14.643573","121.062410, 14.643610"
P. Francisco Street,residential,32,"121.063431, 14.644346","121.063127, 14.644338"
S. Salvador Street,residential,234,"121.063431, 14.644346","121.062829, 14.646356"
A. Roces Senior Avenue,residential,31,"121.068529, 14.660574","121.068555, 14.660854"
A. Roces Senior Avenue,residential,37,"121.068529, 14.660574","121.068521, 14.660237"
Bernardo Street,residential,166,"121.068529, 14.660574","121.066982, 14.660565"
Tandang Sora Avenue,secondary,5,"121.067454, 14.664546","121.067413, 14.664579"
Tandang Sora Avenue,secondary,80,"121.067454, 14.664546","121.067991, 14.664050"
Demetria Reynaldo Street,residential,26,"121.067454, 14.664546","121.067607, 14.664734"
Maginhawa Street,tertiary,235,"121.059022, 14.646478","121.060878, 14.645501"
Magiting Street,residential,72,"121.059022, 14.646478","121.058828, 14.645856"
Maginhawa Street,tertiary,188,"121.059022, 14.646478","121.057501, 14.647260"
Mapagkawanggawa Street,tertiary,62,"121.057455, 14.644482","121.057299, 14.645027"
Mapagkawanggawa Street,tertiary,65,"121.057455, 14.644482","121.057677, 14.643933"
Mabait Street,residential,158,"121.057455, 14.644482","121.056004, 14.644231"
Mabait Street,residential,240,"121.057455, 14.644482","121.059466, 14.645070"
Mapagkawanggawa Street,tertiary,64,"121.057242, 14.645577","121.057237, 14.646158"
Mapagkawanggawa Street,tertiary,61,"121.057242, 14.645577","121.057299, 14.645027"
Mahiyain Street,residential,155,"121.057242, 14.645577","121.058644, 14.645321"
Masambahin Street,residential,207,"121.056387, 14.641422","121.058077, 14.642126"
Mabait Street,residential,158,"121.056004, 14.644231","121.057455, 14.644482"
Magiting Street,tertiary,115,"121.059943, 14.646893","121.059022, 14.646478"
Mabait Street,residential,240,"121.059466, 14.645070","121.057455, 14.644482"
Mahiyain Street,residential,107,"121.059466, 14.645070","121.059747, 14.644204"
Mahiyain Street,residential,92,"121.059466, 14.645070","121.058644, 14.645321"
Mapagkawanggawa Street,tertiary,61,"121.057299, 14.645027","121.057242, 14.645577"
Mapagkawanggawa Street,tertiary,62,"121.057299, 14.645027","121.057455, 14.644482"
Magiting Street,residential,155,"121.057299, 14.645027","121.058644, 14.645321"
Malinis Street,residential,62,"121.056216, 14.649256","121.056303, 14.648696"
Magiting Street,residential,62,"121.058644, 14.645321","121.058828, 14.645856"
Magiting Street,residential,155,"121.058644, 14.645321","121.057299, 14.645027"
Mahiyain Street,residential,92,"121.058644, 14.645321","121.059466, 14.645070"
Mahiyain Street,residential,155,"121.058644, 14.645321","121.057242, 14.645577"
Mapagkawanggawa Street,tertiary,130,"121.057501, 14.647260","121.057237, 14.646158"
Maginhawa Street,tertiary,181,"121.057501, 14.647260","121.057019, 14.648796"
Maginhawa Street,tertiary,188,"121.057501, 14.647260","121.059022, 14.646478"
Katipunan Avenue,primary,104,"121.074308, 14.649449","121.074306, 14.648511"
Unnamed Road,primary_link,18,"121.074308, 14.649449","121.074476, 14.649434"
Katipunan Avenue,primary,453,"121.074476, 14.649434","121.074513, 14.653509"
Carlos P. Garcia Avenue,secondary,19,"121.074493, 14.648336","121.074308, 14.648335"
Katipunan Avenue,primary,122,"121.074493, 14.648336","121.074476, 14.649434"
Katipunan Avenue,primary,64,"121.074483, 14.646348","121.074471, 14.646928"
Laurel Avenue,unclassified,207,"121.070474, 14.659427","121.068544, 14.659417"
Laurel Avenue,unclassified,15,"121.070474, 14.659427","121.070618, 14.659428"
G. Apacible Street,residential,86,"121.070474, 14.659427","121.070472, 14.660209"
Mangyan Street,residential,148,"121.077020, 14.645509","121.078227, 14.644974"
Mangyan Street,residential,115,"121.077020, 14.645509","121.076156, 14.646096"
Ifugao Street,residential,329,"121.077020, 14.645509","121.079070, 14.647698"
Mangyan Street,residential,137,"121.078227, 14.644974","121.079265, 14.645625"
Mangyan Street,residential,148,"121.078227, 14.644974","121.077020, 14.645509"
Yakan Street,residential,319,"121.078227, 14.644974","121.079070, 14.647698"
Marymount,residential,6,"121.079265, 14.645625","121.079312, 14.645581"
Mangyan Street,residential,137,"121.079265, 14.645625","121.078227, 14.644974"
Ibanag Street,residential,133,"121.075710, 14.647422","121.075540, 14.646248"
Ibanag Street,residential,128,"121.075710, 14.647422","121.075727, 14.648574"
Kalinga Street,residential,470,"121.075710, 14.647422","121.078815, 14.650405"
Bagobo Street,residential,90,"121.078815, 14.650405","121.078542, 14.651173"
Kalinga Street,residential,72,"121.078815, 14.650405","121.079304, 14.650860"
Bagobo Street,residential,132,"121.078815, 14.650405","121.079549, 14.649465"
Kalinga Street,residential,470,"121.078815, 14.650405","121.075710, 14.647422"
Maranao Street,residential,564,"121.079549, 14.649465","121.075540, 14.646248"
Bagobo Street,residential,132,"121.079549, 14.649465","121.078815, 14.650405"
Kalinga Street,residential,72,"121.079304, 14.650860","121.078815, 14.650405"
Yakan Street,residential,319,"121.079070, 14.647698","121.078227, 14.644974"
Ifugao Street,residential,329,"121.079070, 14.647698","121.077020, 14.645509"
P. Mack Street,residential,94,"121.078273, 14.653801","121.077982, 14.654602"
A. D. Williams Street,residential,38,"121.078273, 14.653801","121.077962, 14.653639"
Fitzgerald Street,residential,112,"121.077962, 14.653639","121.078616, 14.652849"
A. D. Williams Street,residential,98,"121.077962, 14.653639","121.077236, 14.653099"
A. D. Williams Street,residential,38,"121.077962, 14.653639","121.078273, 14.653801"
Carriedo Street,residential,15,"121.079309, 14.654902","121.079363, 14.654773"
Carriedo Street,residential,245,"121.079309, 14.654902","121.077663, 14.655156"
L. Wood Street,residential,15,"121.079309, 14.654902","121.079217, 14.654798"
Mactan Street,unclassified,10,"121.076579, 14.659957","121.076670, 14.659987"
Mactan Street,unclassified,38,"121.076579, 14.659957","121.076274, 14.659773"
Saddlebrook Street,residential,7,"121.076620, 14.660039","121.076670, 14.659987"
Saddlebrook Street,residential,17,"121.076620, 14.660039","121.076503, 14.660155"
Mactan Street,unclassified,10,"121.076620, 14.660039","121.076579, 14.659957"
Mactan Street,unclassified,10,"121.078542, 14.660843","121.078465, 14.660781"
Jones Street,residential,14,"121.078542, 14.660843","121.078452, 14.660945"
Pansol Avenue,residential,62,"121.077297, 14.650325","121.077701, 14.650723"
N. Perez Street,residential,57,"121.077297, 14.650325","121.076875, 14.650637"
Pansol Avenue,residential,258,"121.077297, 14.650325","121.075632, 14.648653"
N. Perez Street,residential,268,"121.076875, 14.650637","121.076932, 14.652627"
N. Perez Street,residential,57,"121.076875, 14.650637","121.077297, 14.650325"
N. Perez Street,residential,268,"121.076932, 14.652627","121.076875, 14.650637"
B. Gonzales Street,residential,20,"121.074761, 14.642535","121.074593, 14.642448"
Katipunan Avenue,primary,418,"121.074761, 14.642535","121.074492, 14.646275"
Demetria Reynaldo Street,residential,51,"121.067926, 14.665074","121.067607, 14.664734"
Demetria Reynaldo Street,residential,111,"121.067926, 14.665074","121.068321, 14.665978"
Demetria Reynaldo Street,residential,111,"121.068321, 14.665978","121.067926, 14.665074"
Masinsinan Street,tertiary,151,"121.060878, 14.645501","121.060842, 14.646863"
Maginhawa Street,tertiary,136,"121.060878, 14.645501","121.060973, 14.644281"
Masinsinan Street,tertiary,29,"121.060842, 14.646863","121.060838, 14.647130"
"B. Baluyot Street, Magiting Street",residential,132,"121.060842, 14.646863","121.062077, 14.646858"
Magiting Street,residential,97,"121.060842, 14.646863","121.059943, 14.646893"
Magiting Street,residential,62,"121.058828, 14.645856","121.058644, 14.645321"
Magiting Street,residential,72,"121.058828, 14.645856","121.059022, 14.646478"
Matimtiman Street,residential,283,"121.058828, 14.645856","121.060322, 14.644248"
Mapagkawanggawa Street,tertiary,64,"121.057237, 14.646158","121.057242, 14.645577"
Matimtiman Street,residential,176,"121.057237, 14.646158","121.058828, 14.645856"
Mapagkawanggawa Street,tertiary,130,"121.057237, 14.646158","121.057501, 14.647260"
Mapagkawanggawa Street,tertiary,63,"121.057908, 14.643404","121.057677, 14.643933"
Maaalahanin Street,residential,203,"121.057908, 14.643404","121.059796, 14.643491"
Mapagkawanggawa Street,tertiary,72,"121.057908, 14.643404","121.058014, 14.642761"
Mapagkawanggawa Street,residential,70,"121.058014, 14.642761","121.058077, 14.642126"
Malingap Street,tertiary,197,"121.058014, 14.642761","121.059846, 14.642899"
Mapagkawanggawa Street,tertiary,72,"121.058014, 14.642761","121.057908, 14.643404"
Mapagkawanggawa Street,residential,61,"121.058176, 14.641012","121.058121, 14.641560"
Madasalin Street,residential,64,"121.058176, 14.641012","121.058772, 14.641052"
Mapagkawanggawa Street,residential,63,"121.058077, 14.642126","121.058121, 14.641560"
Mapagkawanggawa Street,residential,70,"121.058077, 14.642126","121.058014, 14.642761"
Masambahin Street,residential,207,"121.058077, 14.642126","121.056387, 14.641422"
Masambahin Street,residential,195,"121.058077, 14.642126","121.059892, 14.642248"
Mahiyain Street,residential,60,"121.059892, 14.642248","121.059931, 14.641701"
Mahiyain Street,residential,72,"121.059892, 14.642248","121.059846, 14.642899"
Masambahin Street,residential,195,"121.059892, 14.642248","121.058077, 14.642126"
Malingap Street,tertiary,70,"121.061060, 14.642980","121.060410, 14.642938"
Maginhawa Street,tertiary,196,"121.061060, 14.642980","121.061185, 14.641220"
Maginhawa Street,tertiary,144,"121.061060, 14.642980","121.060973, 14.644281"
Malingap Street,tertiary,60,"121.060410, 14.642938","121.059846, 14.642899"
Malingap Street,tertiary,70,"121.060410, 14.642938","121.061060, 14.642980"
Matimtiman Street,residential,196,"121.060410, 14.642938","121.060540, 14.641177"
Malingap Street,tertiary,60,"121.059846, 14.642899","121.060410, 14.642938"
Mahiyain Street,residential,72,"121.059846, 14.642899","121.059892, 14.642248"
Malingap Street,tertiary,197,"121.059846, 14.642899","121.058014, 14.642761"
Mahiyain Street,residential,66,"121.059846, 14.642899","121.059796, 14.643491"
Mahiyain Street,residential,62,"121.059931, 14.641701","121.059974, 14.641142"
Mahiyain Street,residential,60,"121.059931, 14.641701","121.059892, 14.642248"
Maningning Street,residential,14,"121.059931, 14.641701","121.059801, 14.641690"
Mapagkawanggawa Street,residential,61,"121.058121, 14.641560","121.058176, 14.641012"
Mapagkawanggawa Street,residential,63,"121.058121, 14.641560","121.058077, 14.642126"
Maningning Street,residential,10,"121.058121, 14.641560","121.058215, 14.641567"
Mahiyain Street,residential,79,"121.059796, 14.643491","121.059747, 14.644204"
Maaalahanin Street,residential,203,"121.059796, 14.643491","121.057908, 14.643404"
Mahiyain Street,residential,66,"121.059796, 14.643491","121.059846, 14.642899"
Mapagkawanggawa Street,tertiary,65,"121.057677, 14.643933","121.057455, 14.644482"
Mapagkawanggawa Street,tertiary,63,"121.057677, 14.643933","121.057908, 14.643404"
Mahabagin Street,residential,225,"121.057677, 14.643933","121.059747, 14.644204"
Mahabagin Street,residential,62,"121.059747, 14.644204","121.060322, 14.644248"
Mahiyain Street,residential,79,"121.059747, 14.644204","121.059796, 14.643491"
Mahabagin Street,residential,225,"121.059747, 14.644204","121.057677, 14.643933"
Mahiyain Street,residential,107,"121.059747, 14.644204","121.059466, 14.645070"
Malinis Street,residential,62,"121.056303, 14.648696","121.056216, 14.649256"
Mahusay Street,residential,71,"121.056303, 14.648696","121.056961, 14.648789"
Madasalin Street,residential,61,"121.059408, 14.641101","121.059974, 14.641142"
Madasalin Street,residential,68,"121.059408, 14.641101","121.058772, 14.641052"
Madasalin Street,residential,61,"121.059974, 14.641142","121.059408, 14.641101"
Madasalin Street,residential,61,"121.059974, 14.641142","121.060540, 14.641177"
Mahiyain Street,residential,62,"121.059974, 14.641142","121.059931, 14.641701"
Madasalin Street,residential,61,"121.060540, 14.641177","121.059974, 14.641142"
Matimtiman Street,residential,196,"121.060540, 14.641177","121.060410, 14.642938"
Madasalin Street,residential,69,"121.060540, 14.641177","121.061185, 14.641220"
C. Salvador Street,residential,29,"121.070524, 14.642599","121.070426, 14.642850"
A. Melchor Street,residential,25,"121.070524, 14.642599","121.070314, 14.642491"
C. Salvador Street,residential,308,"121.070524, 14.642599","121.072372, 14.642020"
C. Salvador Street,residential,29,"121.070426, 14.642850","121.070524, 14.642599"
Esteban Abada Street,residential,100,"121.070426, 14.642850","121.069766, 14.642213"
Esteban Abada Street,residential,610,"121.070426, 14.642850","121.073367, 14.641686"
Madasalin Street,residential,68,"121.058772, 14.641052","121.059408, 14.641101"
Madasalin Street,residential,64,"121.058772, 14.641052","121.058176, 14.641012"
Road 1,residential,122,"121.070029, 14.662923","121.069928, 14.664024"
Vic Valley Street,residential,9,"121.071974, 14.664311","121.071983, 14.664226"
Unnamed Road,primary_link,78,"121.071974, 14.664311","121.072662, 14.664077"
Road 2,residential,126,"121.070747, 14.663089","121.070612, 14.664221"
Tandang Sora Avenue,residential,76,"121.070612, 14.664221","121.069928, 14.664024"
Road 2,residential,126,"121.070612, 14.664221","121.070747, 14.663089"
Tandang Sora Avenue,residential,72,"121.070612, 14.664221","121.071254, 14.664407"
Tandang Sora Avenue,secondary,297,"121.063437, 14.665740","121.066067, 14.665246"
Maayusin Street,residential,61,"121.057611, 14.648885","121.057521, 14.649435"
Marilag Street,residential,35,"121.056299, 14.651672","121.056153, 14.651395"
Marilag Street,residential,75,"121.056299, 14.651672","121.056990, 14.651768"
Maalindog Street,residential,284,"121.057521, 14.649435","121.057288, 14.650947"
Maayusin Street,residential,170,"121.057521, 14.649435","121.057288, 14.650947"
Maalindog Street,residential,284,"121.057288, 14.650947","121.057521, 14.649435"
Maayusin Street,residential,88,"121.057288, 14.650947","121.056984, 14.651678"
Maayusin Street,residential,9,"121.056990, 14.651768","121.056984, 14.651678"
Maayusin Extension,residential,36,"121.056990, 14.651768","121.057007, 14.652092"
Marilag Street,residential,8,"121.056990, 14.651768","121.057067, 14.651755"
Marilag Street,residential,75,"121.056990, 14.651768","121.056299, 14.651672"
Pansol Avenue,residential,114,"121.075632, 14.648653","121.074874, 14.647926"
Pansol Avenue,residential,13,"121.075632, 14.648653","121.075727, 14.648574"
Ylanan Street,unclassified,239,"121.064843, 14.658988","121.064342, 14.661010"
Ylanan Street,unclassified,156,"121.064843, 14.658988","121.064800, 14.657577"
Emilio Jacinto Street,unclassified,221,"121.062353, 14.656944","121.062334, 14.654957"
Emilio Jacinto Street,unclassified,82,"121.062353, 14.656944","121.062361, 14.657690"
R. P. de Guzman Street,unclassified,134,"121.062353, 14.656944","121.061102, 14.656945"
R. P. de Guzman Street,unclassified,81,"121.061102, 14.656945","121.061094, 14.657679"
R. P. de Guzman Street,unclassified,34,"121.061102, 14.656945","121.060783, 14.656936"
R. P. de Guzman Street,unclassified,134,"121.061102, 14.656945","121.062353, 14.656944"
R. P. de Guzman Street,unclassified,81,"121.061094, 14.657679","121.061102, 14.656945"
Magsaysay Avenue,unclassified,136,"121.061094, 14.657679","121.062361, 14.657690"
Magsaysay Avenue,unclassified,145,"121.061094, 14.657679","121.059941, 14.658079"
Carlos P. Garcia Avenue,secondary,22,"121.060085, 14.647397","121.060241, 14.647266"
Carlos P. Garcia Avenue,secondary,431,"121.060085, 14.647397","121.059136, 14.651137"
Unnamed Road,secondary_link,34,"121.060085, 14.647397","121.060131, 14.647103"
Katipunan Avenue,primary,42,"121.074303, 14.648054","121.074296, 14.647677"
Katipunan Avenue,primary,9,"121.074513, 14.653509","121.074517, 14.653599"
H. Ventura Street,tertiary,156,"121.074513, 14.653509","121.075955, 14.653383"
Carlos P. Garcia Avenue,secondary,137,"121.073122, 14.648255","121.074303, 14.648054"
Carlos P. Garcia Avenue,secondary,306,"121.073122, 14.648255","121.070519, 14.647278"
Carlos P. Garcia Avenue,secondary,10,"121.064384, 14.647680","121.064290, 14.647690"
Carlos P. Garcia Avenue,secondary,29,"121.064384, 14.647680","121.064655, 14.647683"
B. Baluyot Street,residential,75,"121.064384, 14.647680","121.063822, 14.647306"
Carlos P. Garcia Avenue,secondary,16,"121.074308, 14.648335","121.074150, 14.648335"
Katipunan Avenue,primary,6,"121.074308, 14.648335","121.074307, 14.648280"
Emilio Jacinto Street,unclassified,105,"121.063862, 14.658992","121.064843, 14.658988"
Unnamed Road,unclassified,113,"121.063862, 14.658992","121.064531, 14.658624"
A. Maria Regidor Street,unclassified,16,"121.072660, 14.653933","121.072773, 14.653833"
M. Roxas Avenue,tertiary,21,"121.072660, 14.653933","121.072824, 14.654024"
A. Roces Senior Avenue,residential,12,"121.068522, 14.660129","121.068521, 14.660237"
P. Valenzuela Street,residential,158,"121.068522, 14.660129","121.067052, 14.660122"
A. Roces Senior Avenue,residential,50,"121.068522, 14.660129","121.068536, 14.659674"
Capitol Hills Drive,tertiary,202,"121.076875, 14.663631","121.074999, 14.663478"
Capitol Hills Drive,unclassified,204,"121.076875, 14.663631","121.078652, 14.664287"
Lakandula Street,unclassified,72,"121.065169, 14.653030","121.064495, 14.653014"
T. M. Kalaw Street,unclassified,241,"121.065169, 14.653030","121.067004, 14.651801"
E. de los Santos Street,unclassified,379,"121.065169, 14.653030","121.066821, 14.650377"
E. de los Santos Street,unclassified,76,"121.065169, 14.653030","121.064870, 14.653650"
A. Maria Regidor Street,unclassified,112,"121.072830, 14.652558","121.072800, 14.653571"
A. Maria Regidor Street,unclassified,165,"121.072830, 14.652558","121.072011, 14.651414"
Quirino Avenue,unclassified,141,"121.072830, 14.652558","121.074140, 14.652584"
Quirino Avenue,unclassified,122,"121.072830, 14.652558","121.071692, 14.652534"
Balagtas Street,residential,50,"121.067094, 14.659671","121.067052, 14.660122"
Balagtas Street,residential,46,"121.067094, 14.659671","121.067099, 14.659255"
Jose Paciano Laurel Street,residential,155,"121.068536, 14.659674","121.067094, 14.659671"
A. Roces Senior Avenue,residential,50,"121.068536, 14.659674","121.068522, 14.660129"
A. Roces Senior Avenue,residential,28,"121.068536, 14.659674","121.068544, 14.659417"
Daan Tubo,residential,365,"121.074280, 14.647055","121.071789, 14.644979"
Katipunan Avenue,primary,80,"121.074280, 14.647055","121.074297, 14.646332"
Commonwealth Avenue,primary,800,"121.064338, 14.661509","121.058196, 14.657443"
Maayusin Extension,residential,29,"121.056976, 14.652455","121.056939, 14.652715"
Maayusin Extension,residential,40,"121.056976, 14.652455","121.057007, 14.652092"
Maginhawa Street,tertiary,258,"121.056153, 14.651395","121.056919, 14.649265"
Saint Joseph Street,residential,93,"121.059753, 14.662765","121.059749, 14.661924"
Saint Joseph Street,residential,77,"121.059753, 14.662765","121.059741, 14.663462"
Redeemer Road,unclassified,81,"121.059753, 14.662765","121.059005, 14.662749"
"Redeemer Street, Redeemer Road",unclassified,201,"121.059753, 14.662765","121.060933, 14.663629"
Kalaw Hill,residential,11,"121.066067, 14.665246","121.066030, 14.665151"
Tandang Sora Avenue,secondary,297,"121.066067, 14.665246","121.063437, 14.665740"
Tandang Sora Avenue,secondary,162,"121.066067, 14.665246","121.067413, 14.664579"
Kalaw Hill,residential,11,"121.066030, 14.665151","121.066067, 14.665246"
Kalaw Hill,residential,4,"121.066627, 14.663347","121.066653, 14.663311"
Unnamed Road,residential,37,"121.074718, 14.658964","121.074806, 14.659293"
Dagohoy Street,residential,27,"121.073991, 14.659545","121.073994, 14.659295"
Dagohoy Street,residential,32,"121.073991, 14.659545","121.073990, 14.659837"
Dagohoy Street,residential,31,"121.073990, 14.660119","121.073990, 14.659837"
Dagohoy Street,residential,30,"121.073990, 14.660119","121.074012, 14.660392"
Fatima Street,residential,53,"121.075376, 14.660337","121.074877, 14.660331"
Unnamed Road,residential,30,"121.074852, 14.659548","121.074880, 14.659817"
Unnamed Road,residential,28,"121.074852, 14.659548","121.074806, 14.659293"
Santo Niño Street,residential,92,"121.074852, 14.659548","121.073991, 14.659545"
Santo Niño Street,residential,50,"121.074852, 14.659548","121.075324, 14.659539"
Unnamed Road,residential,21,"121.074887, 14.660135","121.074877, 14.660331"
Unnamed Road,residential,7,"121.074887, 14.660135","121.074888, 14.660071"
Kristong Hari Street,residential,96,"121.074887, 14.660135","121.073990, 14.660119"
Plaza Street,residential,19,"121.077060, 14.651230","121.077211, 14.651132"
Santo Niño Street,residential,50,"121.075324, 14.659539","121.074852, 14.659548"
Unnamed Road,residential,21,"121.074872, 14.660400","121.074848, 14.660591"
Unnamed Road,residential,7,"121.074872, 14.660400","121.074877, 14.660331"
Fatima Street,residential,92,"121.074872, 14.660400","121.074012, 14.660392"
Dagohoy Street,residential,30,"121.074012, 14.660392","121.073990, 14.660119"
Unnamed Road,residential,7,"121.074888, 14.660071","121.074887, 14.660135"
Unnamed Road,residential,25,"121.074888, 14.660071","121.074882, 14.659840"
Kristong Hari Street,residential,63,"121.074888, 14.660071","121.075480, 14.660067"
Pansol Avenue,residential,158,"121.077820, 14.650610","121.078855, 14.651620"
Plaza Street,residential,17,"121.077820, 14.650610","121.077701, 14.650723"
Pansol Avenue,residential,62,"121.077701, 14.650723","121.077297, 14.650325"
Plaza Street,residential,69,"121.077701, 14.650723","121.077211, 14.651132"
Heizer Street,residential,195,"121.077701, 14.650723","121.078972, 14.651981"
Saint Francis Street,residential,81,"121.075634, 14.659811","121.074880, 14.659817"
Kristong Hari Street,residential,63,"121.075480, 14.660067","121.074888, 14.660071"
Unnamed Road,residential,7,"121.074877, 14.660331","121.074872, 14.660400"
Unnamed Road,residential,21,"121.074877, 14.660331","121.074887, 14.660135"
Fatima Street,residential,53,"121.074877, 14.660331","121.075376, 14.660337"
Saint Joseph Street,residential,77,"121.059741, 14.663462","121.059753, 14.662765"
Saint Joseph Street,residential,142,"121.059741, 14.663462","121.059654, 14.664741"
Saint Peter Street,unclassified,130,"121.059741, 14.663462","121.060933, 14.663629"
Redeemer Road,unclassified,81,"121.059005, 14.662749","121.059753, 14.662765"
Saint Mary Street,residential,41,"121.059005, 14.662749","121.058980, 14.662381"
Redeemer Road,unclassified,62,"121.059005, 14.662749","121.058478, 14.662579"
Redeemer Street,unclassified,120,"121.060933, 14.663629","121.060951, 14.664716"
"Redeemer Street, Redeemer Road",unclassified,201,"121.060933, 14.663629","121.059753, 14.662765"
Saint Peter Street,unclassified,130,"121.060933, 14.663629","121.059741, 14.663462"
Redeemer Street,unclassified,114,"121.060922, 14.665743","121.060951, 14.664716"
Commonwealth Avenue,primary,72,"121.064887, 14.661894","121.064338, 14.661509"
Central Avenue,secondary,75,"121.064887, 14.661894","121.064200, 14.661837"
Capitol Hills Drive,unclassified,16,"121.078793, 14.664342","121.078652, 14.664287"
Hillside Avenue,residential,24,"121.078886, 14.664145","121.078793, 14.664342"
Saddlebrook Street,residential,17,"121.076503, 14.660155","121.076620, 14.660039"
Unnamed Road,primary_link,95,"121.074539, 14.654311","121.074249, 14.654668"
Katipunan Avenue,primary,151,"121.074539, 14.654311","121.074561, 14.655671"
Katipunan Avenue,primary,211,"121.074561, 14.655671","121.074514, 14.657570"
Katipunan Avenue,primary,39,"121.074236, 14.655023","121.074249, 14.654668"
Unnamed Road,primary_link,110,"121.074236, 14.655023","121.074561, 14.655671"
Katipunan Avenue,primary,119,"121.074249, 14.654668","121.074282, 14.653590"
Maayusin Extension,residential,105,"121.056932, 14.653657","121.056939, 14.652715"
S. Flores Street,residential,21,"121.063119, 14.641521","121.063010, 14.641686"
Kabalitang Street,residential,113,"121.063119, 14.641521","121.062253, 14.641113"
S. Flores Street,residential,61,"121.063119, 14.641521","121.063430, 14.641068"
Kabalitang Street,residential,113,"121.062253, 14.641113","121.063119, 14.641521"
Kabalitang Street,residential,78,"121.062253, 14.641113","121.061623, 14.641240"
Angeles Street,residential,124,"121.061411, 14.644896","121.062520, 14.645200"
"Eugenio Street, Kabalitang Street",residential,185,"121.061411, 14.644896","121.061635, 14.645927"
Kabalitang Street,residential,64,"121.061411, 14.644896","121.061449, 14.644314"
Madasalin Street,residential,47,"121.061185, 14.641220","121.061623, 14.641240"
Madasalin Street,residential,69,"121.061185, 14.641220","121.060540, 14.641177"
Maginhawa Street,tertiary,196,"121.061185, 14.641220","121.061060, 14.642980"
Eugenio Street,residential,78,"121.061775, 14.645233","121.061635, 14.645927"
Kabalitang Street,residential,25,"121.061625, 14.641468","121.061623, 14.641240"
Kabalitang Street,residential,257,"121.061625, 14.641468","121.061507, 14.643769"
Tiburcio Street Extension,residential,71,"121.061625, 14.641468","121.062179, 14.641670"
Madasalin Street,residential,47,"121.061623, 14.641240","121.061185, 14.641220"
Kabalitang Street,residential,25,"121.061623, 14.641240","121.061625, 14.641468"
Kabalitang Street,residential,78,"121.061623, 14.641240","121.062253, 14.641113"
Tiburcio Street Extension,residential,71,"121.062179, 14.641670","121.061625, 14.641468"
P. Francisco Street,residential,13,"121.063127, 14.644338","121.062999, 14.644342"
Tiburcio Street,residential,98,"121.063127, 14.644338","121.062816, 14.643573"
Jones Street,residential,7,"121.078465, 14.660781","121.078508, 14.660725"
Mactan Street,unclassified,113,"121.078465, 14.660781","121.077472, 14.660505"
Saddlebrook Street,residential,7,"121.076670, 14.659987","121.076620, 14.660039"
Mactan Street,unclassified,102,"121.076670, 14.659987","121.077479, 14.660431"
Jones Street,residential,7,"121.078586, 14.660789","121.078542, 14.660843"
Mactan Street,unclassified,149,"121.078586, 14.660789","121.079927, 14.661096"
A. Maria Regidor Street,unclassified,165,"121.072011, 14.651414","121.072830, 14.652558"
Magsaysay Avenue,unclassified,31,"121.074514, 14.657570","121.074224, 14.657565"
Tandang Sora Avenue,primary,321,"121.074514, 14.657570","121.076274, 14.659773"
Juan Luna Street,residential,78,"121.071763, 14.662893","121.072471, 14.663049"
Juan Luna Street,residential,55,"121.071763, 14.662893","121.071264, 14.662835"
Gomburza Street,residential,77,"121.071763, 14.662893","121.071994, 14.662245"
E. de los Reyes Street,unclassified,62,"121.064348, 14.649140","121.064326, 14.648575"
E. de los Reyes Street,unclassified,118,"121.064348, 14.649140","121.064388, 14.650203"
White House Street,residential,114,"121.064348, 14.649140","121.063283, 14.649075"
Emilio Jacinto Street,unclassified,96,"121.062323, 14.649605","121.062321, 14.648734"
Emilio Jacinto Street,unclassified,66,"121.062323, 14.649605","121.062324, 14.650200"
Plaza Hernandez Street,residential,119,"121.062323, 14.649605","121.063283, 14.649075"
E. de los Reyes Street,unclassified,62,"121.064326, 14.648575","121.064348, 14.649140"
Plaza Hernandez Street,residential,42,"121.064326, 14.648575","121.063933, 14.648640"
E. de los Reyes Street,unclassified,98,"121.064326, 14.648575","121.064290, 14.647690"
Plaza Hernandez Street,residential,84,"121.063283, 14.649075","121.063933, 14.648640"
Plaza Hernandez Street,residential,119,"121.063283, 14.649075","121.062323, 14.649605"
White House Street,residential,114,"121.063283, 14.649075","121.064348, 14.649140"
Plaza Hernandez Street,residential,42,"121.063933, 14.648640","121.064326, 14.648575"
Plaza Hernandez Street,residential,84,"121.063933, 14.648640","121.063283, 14.649075"
Unnamed Road,residential,76,"121.063933, 14.648640","121.063517, 14.648112"
Mabini Street,residential,70,"121.073529, 14.660867","121.073304, 14.661423"
L. Wood Street,residential,5,"121.077982, 14.654602","121.078032, 14.654611"
P. Mack Street,residential,94,"121.077982, 14.654602","121.078273, 14.653801"
L. Wood Street,residential,222,"121.077982, 14.654602","121.076416, 14.653338"
Plaza Street Extension,residential,65,"121.077211, 14.651132","121.076875, 14.650637"
Plaza Street,residential,19,"121.077211, 14.651132","121.077060, 14.651230"
Carriedo Street,residential,15,"121.079363, 14.654773","121.079309, 14.654902"
L. Wood Street,residential,15,"121.079363, 14.654773","121.079217, 14.654798"
L. Wood Street,residential,5,"121.078032, 14.654611","121.077982, 14.654602"
L. Wood Street,residential,129,"121.078032, 14.654611","121.079217, 14.654798"
Stroebe Street,residential,74,"121.078032, 14.654611","121.077663, 14.655156"
L. Wood Street,residential,15,"121.079217, 14.654798","121.079363, 14.654773"
L. Wood Street,residential,129,"121.079217, 14.654798","121.078032, 14.654611"
L. Wood Street,residential,15,"121.079217, 14.654798","121.079309, 14.654902"
Osmeña Avenue,tertiary,219,"121.070634, 14.656143","121.068592, 14.656126"
Jones Street,residential,15,"121.078371, 14.660891","121.078465, 14.660781"
Capitol Hills Drive,unclassified,16,"121.078652, 14.664287","121.078793, 14.664342"
Capitol Hills Drive,unclassified,204,"121.078652, 14.664287","121.076875, 14.663631"
Hillside Avenue,residential,26,"121.078652, 14.664287","121.078803, 14.664106"
Park 9 Alley,residential,48,"121.074117, 14.641037","121.074538, 14.641185"
Mahabagin Street,residential,62,"121.060322, 14.644248","121.059747, 14.644204"
Matimtiman Street,residential,145,"121.060322, 14.644248","121.060410, 14.642938"
Mahabagin Street,residential,70,"121.060322, 14.644248","121.060973, 14.644281"
Maginhawa Street,tertiary,144,"121.060973, 14.644281","121.061060, 14.642980"
Maginhawa Street,tertiary,136,"121.060973, 14.644281","121.060878, 14.645501"
A. Roces Senior Avenue,residential,25,"121.068645, 14.661763","121.068628, 14.661532"
E. Aguinaldo Street,residential,149,"121.068645, 14.661763","121.070034, 14.661802"
A. Roces Senior Avenue,residential,68,"121.068645, 14.661763","121.068656, 14.662379"
Daan Tubo,residential,365,"121.071789, 14.644979","121.074280, 14.647055"
Unnamed Road,primary_link,93,"121.072224, 14.664474","121.071439, 14.664820"
Unnamed Road,primary_link,68,"121.070857, 14.664789","121.071455, 14.664587"
Tandang Sora Avenue,primary,5,"121.074367, 14.663175","121.074335, 14.663210"
Unnamed Road,primary_link,55,"121.069830, 14.665800","121.070269, 14.665932"
Luzon Avenue,primary,47,"121.069830, 14.665800","121.069979, 14.665421"
Commonwealth Avenue,primary,43,"121.070361, 14.665547","121.069979, 14.665421"
Commonwealth Avenue,primary,134,"121.070361, 14.665547","121.069355, 14.664837"
Commonwealth Avenue,primary,201,"121.066431, 14.662920","121.064887, 14.661894"
Central Avenue,secondary,479,"121.064200, 14.661837","121.059749, 14.661924"
Central Avenue,secondary,52,"121.064200, 14.661837","121.064338, 14.661509"
Redeemer Street,unclassified,114,"121.060951, 14.664716","121.060922, 14.665743"
Saint John Street,unclassified,140,"121.060951, 14.664716","121.059654, 14.664741"
Redeemer Street,unclassified,120,"121.060951, 14.664716","121.060933, 14.663629"
Saint Joseph Street,residential,142,"121.059654, 14.664741","121.059741, 14.663462"
Saint Joseph Street,residential,62,"121.059654, 14.664741","121.059747, 14.665254"
Saint John Street,unclassified,140,"121.059654, 14.664741","121.060951, 14.664716"
Mactan Street,unclassified,19,"121.076115, 14.659698","121.076274, 14.659773"
Tandang Sora Avenue,primary,324,"121.076115, 14.659698","121.074224, 14.657565"
Unnamed Road,residential,147,"121.070519, 14.647278","121.070720, 14.646035"
Carlos P. Garcia Avenue,secondary,306,"121.070519, 14.647278","121.073122, 14.648255"
Carlos P. Garcia Avenue,secondary,167,"121.070519, 14.647278","121.068968, 14.647203"
Mactan Street,unclassified,19,"121.076274, 14.659773","121.076115, 14.659698"
Mactan Street,unclassified,38,"121.076274, 14.659773","121.076579, 14.659957"
Tandang Sora Avenue,primary,300,"121.076274, 14.659773","121.075102, 14.662222"
Commonwealth Avenue,primary,430,"121.064342, 14.661010","121.067662, 14.663178"
Ylanan Street,unclassified,239,"121.064342, 14.661010","121.064843, 14.658988"
Eugenio Street,residential,58,"121.061635, 14.645927","121.062164, 14.646037"
Eugenio Street,residential,78,"121.061635, 14.645927","121.061775, 14.645233"
"Eugenio Street, Kabalitang Street",residential,185,"121.061635, 14.645927","121.061411, 14.644896"
V. Francisco Street,residential,100,"121.062164, 14.646037","121.062520, 14.645200"
Eugenio Street,residential,58,"121.062164, 14.646037","121.061635, 14.645927"
S. Salvador Street,residential,62,"121.062829, 14.646356","121.062690, 14.646903"
I. Francisco Alley,residential,79,"121.062829, 14.646356","121.062111, 14.646181"
V. Francisco Street,residential,16,"121.062111, 14.646181","121.062164, 14.646037"
I. Francisco Alley,residential,79,"121.062111, 14.646181","121.062829, 14.646356"
P. Francisco Street,residential,51,"121.061449, 14.644314","121.060973, 14.644281"
Kabalitang Street,residential,64,"121.061449, 14.644314","121.061411, 14.644896"
Kabalitang Street,residential,60,"121.061449, 14.644314","121.061507, 14.643769"
Ylanan Street,unclassified,146,"121.064773, 14.656259","121.064800, 14.657577"
V. Manansala Street,residential,281,"121.064655, 14.647683","121.064566, 14.645155"
Carlos P. Garcia Avenue,secondary,40,"121.064655, 14.647683","121.065029, 14.647727"
Carlos P. Garcia Avenue,secondary,29,"121.064655, 14.647683","121.064384, 14.647680"
Mahusay Street,residential,35,"121.057019, 14.648796","121.057341, 14.648847"
Mahusay Street,residential,6,"121.057019, 14.648796","121.056961, 14.648789"
Maginhawa Street,tertiary,53,"121.057019, 14.648796","121.056919, 14.649265"
Saint Joseph Street,residential,93,"121.059749, 14.661924","121.059753, 14.662765"
Central Avenue,secondary,68,"121.059749, 14.661924","121.059110, 14.661937"
Central Avenue,secondary,479,"121.059749, 14.661924","121.064200, 14.661837"
Magsaysay Avenue,unclassified,121,"121.072738, 14.657556","121.071606, 14.657553"
Magsaysay Avenue,unclassified,146,"121.072738, 14.657556","121.074099, 14.657563"
F. Ma. Guerrero Street,unclassified,210,"121.072738, 14.657556","121.072717, 14.659448"
Maayusin Street,residential,9,"121.056984, 14.651678","121.056990, 14.651768"
Africa Street,unclassified,153,"121.071692, 14.652534","121.071660, 14.653913"
Quirino Avenue,unclassified,327,"121.071692, 14.652534","121.068644, 14.652492"
Quirino Avenue,unclassified,122,"121.071692, 14.652534","121.072830, 14.652558"
Carlos P. Garcia Avenue,secondary,162,"121.060838, 14.647130","121.062323, 14.647342"
Carlos P. Garcia Avenue,secondary,38,"121.060838, 14.647130","121.060485, 14.647174"
Unnamed Road,tertiary_link,17,"121.061565, 14.654944","121.061572, 14.654785"
University Avenue,tertiary,338,"121.061565, 14.654944","121.058421, 14.654892"
B. Gonzales Street,residential,20,"121.074593, 14.642448","121.074761, 14.642535"
B. Gonzales Street,residential,158,"121.074593, 14.642448","121.073367, 14.641686"
Katipunan Avenue,primary,140,"121.074593, 14.642448","121.074538, 14.641185"
Pardo de Tavera Street,unclassified,304,"121.065984, 14.647984","121.066821, 14.650377"
Carlos P. Garcia Avenue,secondary,219,"121.065984, 14.647984","121.067873, 14.647265"
Carlos P. Garcia Avenue,secondary,21,"121.065984, 14.647984","121.065781, 14.647959"
M. Roxas Avenue,tertiary,107,"121.071660, 14.653913","121.072660, 14.653933"
Commonwealth Avenue,primary,65,"121.058196, 14.657443","121.057680, 14.657127"
Unnamed Road,primary_link,134,"121.058196, 14.657443","121.058954, 14.657416"
Tandang Sora Avenue,residential,21,"121.071254, 14.664407","121.071455, 14.664443"
Tandang Sora Avenue,residential,72,"121.071254, 14.664407","121.070612, 14.664221"
Road 31,residential,6,"121.071254, 14.664407","121.071256, 14.664352"
Unnamed Road,tertiary,13,"121.075948, 14.653496","121.075955, 14.653383"
H. Ventura Street,tertiary,154,"121.075948, 14.653496","121.074517, 14.653599"
Unnamed Road,tertiary,9,"121.076094, 14.653450","121.076043, 14.653517"
H. Ventura Street,tertiary,38,"121.076045, 14.653370","121.076392, 14.653277"
Unnamed Road,tertiary,10,"121.076045, 14.653370","121.076094, 14.653450"
Unnamed Road,tertiary,10,"121.075955, 14.653383","121.076045, 14.653370"
Carriedo Street,residential,253,"121.076043, 14.653517","121.077663, 14.655156"
Unnamed Road,tertiary,11,"121.076043, 14.653517","121.075948, 14.653496"
H. Ventura Street,tertiary,92,"121.076392, 14.653277","121.077215, 14.653032"
L. Wood Street,residential,7,"121.076392, 14.653277","121.076416, 14.653338"
Unnamed Road,residential,24,"121.063648, 14.641143","121.063430, 14.641068"
Unnamed Road,residential,44,"121.063648, 14.641143","121.064024, 14.641301"
Unnamed Road,residential,141,"121.063648, 14.641143","121.064713, 14.641256"
Unnamed Road,residential,44,"121.064024, 14.641301","121.063648, 14.641143"
Unnamed Road,residential,24,"121.063430, 14.641068","121.063648, 14.641143"
S. Flores Street,residential,61,"121.063430, 14.641068","121.063119, 14.641521"
Bagobo Street,residential,90,"121.078542, 14.651173","121.078815, 14.650405"
Fitzgerald Street,residential,112,"121.078616, 14.652849","121.077962, 14.653639"
Arciaga Street,residential,46,"121.078616, 14.652849","121.078268, 14.652605"
Fitzgerald Street,residential,8,"121.079860, 14.652150","121.079901, 14.652080"
H. Ventura Street,tertiary,92,"121.079860, 14.652150","121.079038, 14.652059"
Carriedo Street,residential,245,"121.077663, 14.655156","121.079309, 14.654902"
Carriedo Street,residential,253,"121.077663, 14.655156","121.076043, 14.653517"
Stroebe Street,residential,74,"121.077663, 14.655156","121.078032, 14.654611"
Arciaga Street,residential,46,"121.078268, 14.652605","121.078616, 14.652849"
H. Ventura Street,tertiary,126,"121.078268, 14.652605","121.077236, 14.653099"
Arciaga Street,residential,8,"121.078268, 14.652605","121.078209, 14.652551"
Maayusin Extension,residential,36,"121.057007, 14.652092","121.056990, 14.651768"
Maayusin Extension,residential,40,"121.057007, 14.652092","121.056976, 14.652455"
Makatarungan,residential,261,"121.057007, 14.652092","121.059136, 14.651137"
Unnamed Road,residential,31,"121.075077, 14.665190","121.074785, 14.665196"
Unnamed Road,residential,69,"121.075077, 14.665190","121.075130, 14.665814"
Unnamed Road,residential,190,"121.075077, 14.665190","121.074999, 14.663478"
Unnamed Road,residential,31,"121.074785, 14.665196","121.075077, 14.665190"
Capitol Hills Drive,tertiary,202,"121.074999, 14.663478","121.076875, 14.663631"
Capitol Hills Drive,tertiary,78,"121.074999, 14.663478","121.074335, 14.663210"
Unnamed Road,residential,190,"121.074999, 14.663478","121.075077, 14.665190"
Unnamed Road,residential,69,"121.075130, 14.665814","121.075077, 14.665190"
Mactan Street,unclassified,10,"121.078508, 14.660725","121.078586, 14.660789"
"Osmeña Avenue, M. Roxas Avenue",tertiary,256,"121.072824, 14.654024","121.072755, 14.656161"
M. Roxas Avenue,tertiary,394,"121.064957, 14.653821","121.068623, 14.653870"
A. Maria Regidor Street,unclassified,22,"121.072773, 14.653833","121.072824, 14.654024"
A. Maria Regidor Street,unclassified,29,"121.072773, 14.653833","121.072800, 14.653571"
M. V. del Rosario Street,residential,107,"121.070786, 14.641644","121.070314, 14.642491"
N. Reyes Street,residential,177,"121.070786, 14.641644","121.072372, 14.642020"
Unnamed Road,secondary_link,39,"121.060485, 14.647174","121.060131, 14.647103"
Carlos P. Garcia Avenue,secondary,38,"121.060485, 14.647174","121.060838, 14.647130"
Carlos P. Garcia Avenue,secondary,28,"121.060485, 14.647174","121.060241, 14.647266"
Lieutenant J. Francisco Street,residential,18,"121.064104, 14.644272","121.064080, 14.644436"
Katipunan Avenue,primary,69,"121.074296, 14.647677","121.074280, 14.647055"
Rielinton Street,residential,396,"121.074296, 14.647677","121.071328, 14.646296"
Tandang Sora Avenue,residential,3,"121.071455, 14.664443","121.071489, 14.664445"
Tandang Sora Avenue,residential,21,"121.071455, 14.664443","121.071254, 14.664407"
Tandang Sora Avenue,primary,55,"121.072213, 14.664331","121.072662, 14.664077"
Unnamed Road,primary_link,86,"121.071455, 14.664587","121.072213, 14.664331"
Unnamed Road,primary_link,17,"121.071455, 14.664587","121.071455, 14.664443"
Commonwealth Avenue,primary,48,"121.070268, 14.664948","121.070630, 14.665208"
Unnamed Road,primary_link,68,"121.070268, 14.664948","121.070857, 14.664789"
Unnamed Road,primary_link,94,"121.071439, 14.664820","121.070857, 14.664789"
Unnamed Road,primary_link,100,"121.071439, 14.664820","121.070966, 14.665459"
Commonwealth Avenue,primary,262,"121.069979, 14.665421","121.067991, 14.664050"
Tandang Sora Avenue,residential,76,"121.069928, 14.664024","121.070612, 14.664221"
Road 1,residential,122,"121.069928, 14.664024","121.070029, 14.662923"
Tandang Sora Avenue,residential,115,"121.069928, 14.664024","121.068865, 14.663953"
Tandang Sora Avenue,primary,136,"121.075102, 14.662222","121.074367, 14.663175"
Tandang Sora Avenue,primary,135,"121.075102, 14.662222","121.074367, 14.663175"
Tandang Sora Avenue,primary,20,"121.072662, 14.664077","121.072831, 14.663992"
University Valley Street,residential,88,"121.072831, 14.663992","121.072517, 14.663506"
Tandang Sora Avenue,primary,613,"121.072831, 14.663992","121.076115, 14.659698"
University Valley Street,residential,88,"121.072517, 14.663506","121.072831, 14.663992"
Tandang Sora Avenue,secondary,80,"121.067991, 14.664050","121.067454, 14.664546"
Commonwealth Avenue,primary,165,"121.067991, 14.664050","121.066727, 14.663207"
Commonwealth Avenue,primary,46,"121.068678, 14.664401","121.068339, 14.664146"
Commonwealth Avenue,primary,83,"121.068678, 14.664401","121.067991, 14.664050"
Commonwealth Avenue,primary,45,"121.070630, 14.665208","121.070966, 14.665459"
Unnamed Road,primary_link,228,"121.068830, 14.664132","121.070630, 14.665208"
Commonwealth Avenue,primary,45,"121.066727, 14.663207","121.066431, 14.662920"
Kalaw Hill,residential,14,"121.066727, 14.663207","121.066653, 14.663311"
Unnamed Road,primary_link,16,"121.068267, 14.663916","121.068330, 14.663783"
Unnamed Road,primary_link,9,"121.068267, 14.663916","121.068203, 14.663977"
Unnamed Road,primary_link,8,"121.068203, 14.663977","121.068128, 14.664008"
Unnamed Road,primary_link,11,"121.068203, 14.663977","121.068096, 14.663987"
Commonwealth Avenue,primary,215,"121.068096, 14.663987","121.066431, 14.662920"
Unnamed Road,primary_link,98,"121.067662, 14.663178","121.068330, 14.663783"
Commonwealth Avenue,primary,155,"121.067662, 14.663178","121.068865, 14.663953"
Commonwealth Avenue,primary,129,"121.058954, 14.657416","121.059941, 14.658079"
Commonwealth Avenue,primary,178,"121.057585, 14.656508","121.058954, 14.657416"
Unnamed Road,primary_link,129,"121.057585, 14.656508","121.057680, 14.657127"
Pook Palaris Street,residential,54,"121.072471, 14.663049","121.072947, 14.662870"
Juan Luna Street,residential,55,"121.072471, 14.663049","121.072947, 14.662870"
Juan Luna Street,residential,78,"121.072471, 14.663049","121.071763, 14.662893"
Peace Valley Street,residential,118,"121.071573, 14.663379","121.071489, 14.664445"
Pook Palaris Street,residential,67,"121.073494, 14.662184","121.073210, 14.662711"
E. Aguinaldo Street,residential,42,"121.073494, 14.662184","121.073865, 14.662323"
E. Aguinaldo Street,residential,78,"121.073494, 14.662184","121.072770, 14.662220"
Unnamed Road,unclassified,8,"121.077479, 14.660431","121.077472, 14.660505"
Mactan Street,unclassified,118,"121.077479, 14.660431","121.078508, 14.660725"
Unnamed Road,unclassified,8,"121.077472, 14.660505","121.077479, 14.660431"
Mactan Street,unclassified,108,"121.077472, 14.660505","121.076620, 14.660039"
Unnamed Road,residential,2,"121.074880, 14.659817","121.074882, 14.659840"
Unnamed Road,residential,30,"121.074880, 14.659817","121.074852, 14.659548"
Saint Francis Street,residential,81,"121.074880, 14.659817","121.075634, 14.659811"
Unnamed Road,residential,98,"121.074452, 14.661782","121.074774, 14.660950"
Pook Palaris Street,residential,24,"121.072947, 14.662870","121.073141, 14.662755"
Juan Luna Street,residential,24,"121.072947, 14.662870","121.073141, 14.662755"
Juan Luna Street,residential,55,"121.072947, 14.662870","121.072471, 14.663049"
E. Aguinaldo Street,residential,42,"121.073865, 14.662323","121.073494, 14.662184"
Commonwealth Avenue,primary,187,"121.068865, 14.663953","121.070268, 14.664948"
Tandang Sora Avenue,residential,115,"121.068865, 14.663953","121.069928, 14.664024"
Commonwealth Avenue,primary,574,"121.059941, 14.658079","121.064342, 14.661010"
Magsaysay Avenue,unclassified,145,"121.059941, 14.658079","121.061094, 14.657679"
Carlos P. Garcia Avenue,secondary,431,"121.059136, 14.651137","121.060085, 14.647397"
Carlos P. Garcia Avenue,secondary,407,"121.059136, 14.651137","121.058424, 14.654732"
Makatarungan,residential,261,"121.059136, 14.651137","121.057007, 14.652092"
Quirino Avenue,unclassified,141,"121.074140, 14.652584","121.072830, 14.652558"
Katipunan Avenue,tertiary,472,"121.074140, 14.652584","121.074150, 14.648335"
Carlos P. Garcia Avenue,secondary,111,"121.074150, 14.648335","121.073122, 14.648255"
Katipunan Avenue,tertiary,111,"121.074147, 14.653590","121.074140, 14.652584"
Shuster Street,tertiary,14,"121.074147, 14.653590","121.074282, 14.653590"
Unnamed Road,tertiary_link,17,"121.061572, 14.654785","121.061565, 14.654944"
University Avenue,tertiary,81,"121.061572, 14.654785","121.062333, 14.654799"
Unnamed Road,residential,3,"121.069763, 14.644689","121.069785, 14.644713"
"Harding Rosas, Aguinaldo Street",residential,392,"121.069763, 14.644689","121.068681, 14.642168"
Aguinaldo Street,residential,371,"121.069763, 14.644689","121.067873, 14.647265"
Unnamed Road,primary_link,27,"121.068339, 14.664146","121.068267, 14.663916"
Commonwealth Avenue,primary,27,"121.068339, 14.664146","121.068128, 14.664008"
Castañeda Street,residential,160,"121.065700, 14.646519","121.065781, 14.647959"
Carlos P. Garcia Avenue,secondary,21,"121.065781, 14.647959","121.065984, 14.647984"
Carlos P. Garcia Avenue,secondary,45,"121.065781, 14.647959","121.065388, 14.647802"
Castañeda Street,residential,160,"121.065781, 14.647959","121.065700, 14.646519"
Central Avenue,secondary,68,"121.059110, 14.661937","121.059749, 14.661924"
Central Avenue,secondary,210,"121.059110, 14.661937","121.057165, 14.661993"
Central Avenue,secondary,210,"121.057165, 14.661993","121.059110, 14.661937"
Unnamed Road,tertiary_link,22,"121.064870, 14.653650","121.064957, 14.653821"
E. de los Santos Street,unclassified,76,"121.064870, 14.653650","121.065169, 14.653030"
Katipunan Avenue,primary,79,"121.074517, 14.653599","121.074539, 14.654311"
L. Wood Street,residential,7,"121.076416, 14.653338","121.076392, 14.653277"
L. Wood Street,residential,222,"121.076416, 14.653338","121.077982, 14.654602"
H. Ventura Street,tertiary,36,"121.076416, 14.653338","121.076094, 14.653450"
H. Ventura Street,tertiary,107,"121.078209, 14.652551","121.078972, 14.651981"
Arciaga Street,residential,8,"121.078209, 14.652551","121.078268, 14.652605"
Heizer Street,residential,11,"121.079038, 14.652059","121.078972, 14.651981"
H. Ventura Street,tertiary,106,"121.079038, 14.652059","121.078268, 14.652605"
Pansol Avenue,residential,75,"121.074479, 14.647370","121.074874, 14.647926"
Katipunan Avenue,primary,25,"121.074479, 14.647370","121.074479, 14.647598"
Pansol Avenue,residential,114,"121.074874, 14.647926","121.075632, 14.648653"
Pansol Avenue,residential,56,"121.074874, 14.647926","121.074479, 14.647598"
Katipunan Avenue,primary,82,"121.074479, 14.647598","121.074493, 14.648336"
Pansol Avenue,residential,319,"121.075727, 14.648574","121.077820, 14.650610"
Ibanag Street,residential,128,"121.075727, 14.648574","121.075710, 14.647422"
V. Gonzales Street,residential,46,"121.061507, 14.643769","121.061930, 14.643693"
Kabalitang Street,residential,60,"121.061507, 14.643769","121.061449, 14.644314"
Kabalitang Street,residential,257,"121.061507, 14.643769","121.061625, 14.641468"
Rielinton Street,residential,396,"121.071328, 14.646296","121.074296, 14.647677"
Marilag Street,residential,8,"121.057067, 14.651755","121.056990, 14.651768"
Mahusay Street,residential,35,"121.057341, 14.648847","121.057019, 14.648796"
Maningning Street,residential,10,"121.058215, 14.641567","121.058121, 14.641560"
Maningning Street,residential,14,"121.059801, 14.641690","121.059931, 14.641701"
Unnamed Road,primary_link,127,"121.069355, 14.664837","121.068830, 14.664132"
Commonwealth Avenue,primary,87,"121.069355, 14.664837","121.068678, 14.664401"
Unnamed Road,primary_link,166,"121.074471, 14.646928","121.074307, 14.648280"
Katipunan Avenue,primary,49,"121.074471, 14.646928","121.074479, 14.647370"
"Harding Rosas, Aguinaldo Street",residential,392,"121.068681, 14.642168","121.069763, 14.644689"
Redeemer Road,unclassified,62,"121.058478, 14.662579","121.059005, 14.662749"
Unnamed Road,residential,88,"121.062029, 14.642903","121.061930, 14.643693"
V. Gonzales Street,residential,52,"121.061930, 14.643693","121.062410, 14.643610"
V. Gonzales Street,residential,46,"121.061930, 14.643693","121.061507, 14.643769"
Unnamed Road,residential,88,"121.061930, 14.643693","121.062029, 14.642903"
Unnamed Road,residential,76,"121.063517, 14.648112","121.063933, 14.648640"
M. Dela Cruz Street,residential,97,"121.063683, 14.643338","121.062883, 14.642929"
Tiburcio Street,residential,39,"121.062883, 14.642929","121.063076, 14.642629"
M. Dela Cruz Street,residential,97,"121.062883, 14.642929","121.063683, 14.643338"
Tiburcio Street,residential,77,"121.062883, 14.642929","121.062816, 14.643573"
Unnamed Road,residential,141,"121.064713, 14.641256","121.063648, 14.641143"
Unnamed Road,residential,83,"121.056168, 14.652666","121.056939, 14.652715"
Maayusin Extension,residential,29,"121.056939, 14.652715","121.056976, 14.652455"
Maayusin Extension,residential,105,"121.056939, 14.652715","121.056932, 14.653657"
Unnamed Road,residential,83,"121.056939, 14.652715","121.056168, 14.652666"
Ricarte Street,residential,58,"121.075354, 14.659294","121.074806, 14.659293"
Unnamed Road,residential,7,"121.074848, 14.660591","121.074838, 14.660653"
Unnamed Road,residential,21,"121.074848, 14.660591","121.074872, 14.660400"
Unnamed Road,residential,49,"121.074848, 14.660591","121.075311, 14.660607"
Unnamed Road,residential,49,"121.075311, 14.660607","121.074848, 14.660591"
R. P. de Guzman Street,unclassified,34,"121.060783, 14.656936","121.061102, 14.656945"
Magiting Street,tertiary,31,"121.060131, 14.647103","121.059943, 14.646893"
Saint Joseph Street,residential,62,"121.059747, 14.665254","121.059654, 14.664741"
Road 31,residential,6,"121.071256, 14.664352","121.071254, 14.664407"
Vic Valley Street,residential,9,"121.071983, 14.664226","121.071974, 14.664311"
Mactan Street,unclassified,152,"121.079927, 14.661096","121.078542, 14.660843"
Unnamed Road,residential,98,"121.074774, 14.660950","121.074452, 14.661782"
Unnamed Road,residential,33,"121.074774, 14.660950","121.074838, 14.660653"
Fatima 2 Street,residential,34,"121.074774, 14.660950","121.074458, 14.660955"
Fatima 2 Street,residential,34,"121.074458, 14.660955","121.074774, 14.660950"
Katipunan Avenue,primary,19,"121.074306, 14.648511","121.074308, 14.648335"
Unnamed Road,primary_link,25,"121.074306, 14.648511","121.074150, 14.648335"
A. D. Williams Street,residential,7,"121.077215, 14.653032","121.077236, 14.653099"
H. Ventura Street,tertiary,121,"121.077215, 14.653032","121.078209, 14.652551"
H. Ventura Street,tertiary,92,"121.077236, 14.653099","121.076416, 14.653338"
A. D. Williams Street,residential,7,"121.077236, 14.653099","121.077215, 14.653032"
A. D. Williams Street,residential,98,"121.077236, 14.653099","121.077962, 14.653639"
Fitzgerald Street,residential,8,"121.079901, 14.652080","121.079860, 14.652150"
Pansol Avenue,residential,158,"121.078855, 14.651620","121.077820, 14.650610"
Heizer Street,residential,11,"121.078972, 14.651981","121.079038, 14.652059"
H. Ventura Street,tertiary,104,"121.078972, 14.651981","121.079901, 14.652080"
Heizer Street,residential,195,"121.078972, 14.651981","121.077701, 14.650723"
Unnamed Road,residential,3,"121.069785, 14.644713","121.069763, 14.644689"
Unnamed Road,primary_link,16,"121.068330, 14.663783","121.068267, 14.663916"
Unnamed Road,primary_link,66,"121.068330, 14.663783","121.068830, 14.664132"
Unnamed Road,primary_link,15,"121.068128, 14.664008","121.067991, 14.664050"
Commonwealth Avenue,primary,4,"121.068128, 14.664008","121.068096, 14.663987"
Unnamed Road,unclassified,87,"121.067322, 14.663763","121.066653, 14.663311"
Kalaw Hill,residential,4,"121.066653, 14.663311","121.066627, 14.663347"
Kalaw Hill,residential,14,"121.066653, 14.663311","121.066727, 14.663207"
Unnamed Road,unclassified,87,"121.066653, 14.663311","121.067322, 14.663763"
Pook Palaris Street,residential,8,"121.073210, 14.662711","121.073141, 14.662755"
Pook Palaris Street,residential,67,"121.073210, 14.662711","121.073494, 14.662184"
E. Aguinaldo Street,residential,44,"121.073210, 14.662711","121.073495, 14.662986"
E. Aguinaldo Street,residential,44,"121.073495, 14.662986","121.073210, 14.662711"
Unnamed Road,residential,6,"121.062321, 14.648734","121.062258, 14.648734"
Emilio Jacinto Street,unclassified,124,"121.062321, 14.648734","121.062332, 14.647615"
Emilio Jacinto Street,unclassified,96,"121.062321, 14.648734","121.062323, 14.649605"
Tandang Sora Avenue,residential,54,"121.071489, 14.664445","121.071974, 14.664311"
Peace Valley Street,residential,118,"121.071489, 14.664445","121.071573, 14.663379"
Magsaysay Avenue,unclassified,146,"121.074099, 14.657563","121.072738, 14.657556"
Magsaysay Avenue,unclassified,13,"121.074099, 14.657563","121.074224, 14.657565"
Dagohoy Street,residential,194,"121.074099, 14.657563","121.073994, 14.659295"
Tandang Sora Avenue,secondary,5,"121.067413, 14.664579","121.067454, 14.664546"
Tandang Sora Avenue,secondary,162,"121.067413, 14.664579","121.066067, 14.665246"
Demetria Reynaldo Street,residential,51,"121.067607, 14.664734","121.067926, 14.665074"
Demetria Reynaldo Street,residential,27,"121.067607, 14.664734","121.067413, 14.664579"
Saint Mary Street,residential,41,"121.058980, 14.662381","121.059005, 14.662749"
Unnamed Road,residential,147,"121.070720, 14.646035","121.070519, 14.647278"
Tandang Sora Avenue,primary,268,"121.074335, 14.663210","121.072224, 14.664474"
Capitol Hills Drive,tertiary,78,"121.074335, 14.663210","121.074999, 14.663478"
Maginhawa Street,tertiary,120,"121.057038, 14.648216","121.057501, 14.647260"
Mahusay Street,residential,6,"121.056961, 14.648789","121.057019, 14.648796"
Maginhawa Street,tertiary,64,"121.056961, 14.648789","121.057038, 14.648216"
Maginhawa Street,tertiary,258,"121.056919, 14.649265","121.056153, 14.651395"
Maginhawa Street,tertiary,53,"121.056919, 14.649265","121.056961, 14.648789"
Carlos P. Garcia Avenue,secondary,5,"121.062376, 14.647355","121.062323, 14.647342"
Carlos P. Garcia Avenue,secondary,210,"121.062376, 14.647355","121.064290, 14.647690"
Emilio Jacinto Street,unclassified,29,"121.062376, 14.647355","121.062332, 14.647615"
Emilio Jacinto Street,unclassified,124,"121.062332, 14.647615","121.062321, 14.648734"
Emilio Jacinto Street,unclassified,30,"121.062332, 14.647615","121.062323, 14.647342"
Unnamed Road,residential,6,"121.062258, 14.648734","121.062321, 14.648734"
Maranao Street,residential,6,"121.075536, 14.646190","121.075540, 14.646248"
Mangyan Street,residential,67,"121.075536, 14.646190","121.076156, 14.646096"
Maranao Street,residential,6,"121.075540, 14.646248","121.075536, 14.646190"
Mangyan Street,residential,114,"121.075540, 14.646248","121.074483, 14.646348"
Maranao Street,residential,564,"121.075540, 14.646248","121.079549, 14.649465"
Ibanag Street,residential,133,"121.075540, 14.646248","121.075710, 14.647422"
Katipunan Avenue,primary,8,"121.074492, 14.646275","121.074483, 14.646348"
Mangyan Street,residential,112,"121.074492, 14.646275","121.075536, 14.646190"
Mangyan Street,residential,115,"121.076156, 14.646096","121.077020, 14.645509"
Mangyan Street,residential,69,"121.076156, 14.646096","121.075540, 14.646248"
Marymount,residential,6,"121.079312, 14.645581","121.079265, 14.645625"
Katipunan Avenue,primary,25,"121.074307, 14.648280","121.074303, 14.648054"
Commonwealth Avenue,primary,14,"121.070473, 14.665618","121.070361, 14.665547"
Luzon Avenue,primary,41,"121.070473, 14.665618","121.070269, 14.665932"
Unnamed Road,unclassified,113,"121.064531, 14.658624","121.063862, 14.658992"
